396545366,{'c_pop': 1}
396545565,{'c_pop': 1}
396545364,{'c_pop': 1}
396545305,{'c_pop': 1}
2115500194,{'c_pop': 1}
396545227,{'c_pop': 1}
396545183,{'c_pop': 1}
396545320,{'c_pop': 1}
396546090,{'c_pop': 2}
2115500307,{'c_pop': 2}
396546021,{'c_pop': 1}
396546025,{'c_pop': 1}
396546026,{'c_pop': 1}
2115500207,{'c_pop': 1}
396546061,{'c_pop': 2}
396545308,{'c_pop': 1}
2115500209,{'c_pop': 2}
2115500159,{'c_pop': 1}
396546040,{'c_pop': 1}
396547134,{'c_pop': 1}
396545671,{'c_pop': 2}
396545665,{'c_pop': 1}
396545676,{'c_pop': 1}
396545137,{'c_pop': 1}
396545136,{'c_pop': 1}
396546444,{'c_pop': 3}
396545393,{'c_pop': 2}
396545392,{'c_pop': 3}
396545323,{'c_pop': 1}
396545298,{'c_pop': 1}
396545315,{'c_pop': 1}
396545138,{'c_pop': 3}
2115500180,{'c_pop': 1}
396546971,{'c_pop': 1}
396545212,{'c_pop': 3}
396545210,{'c_pop': 2}
396546874,{'c_pop': 1}
396545313,{'c_pop': 1}
396545312,{'c_pop': 1}
2115500160,{'c_pop': 1}
396545191,{'c_pop': 1}
2115500144,{'c_pop': 1}
396546156,{'c_pop': 1}
2115500140,{'c_pop': 1}
396546177,{'c_pop': 1}
396546051,{'c_pop': 1}
396545163,{'c_pop': 2}
396545604,{'c_pop': 3}
396545382,{'c_pop': 1}
396545450,{'c_pop': 1}
396545438,{'c_pop': 1}
396545664,{'c_pop': 6}
396545662,{'c_pop': 2}
396546413,{'c_pop': 1}
396545400,{'c_pop': 1}
396545437,{'c_pop': 1}
396545435,{'c_pop': 2}
